"move_random.htm+html.head.title:55-3","move_random","","URL_EN : https://manual.yoyogames.com/index.htm#t=GameMaker_Language%2FGML_Reference%2FMovement_And_Collisions%2FMovement%2Fmove_random.htm \n\nURL_JP : https://kuroko137.github.io/gms_manual_jp/index.htm#t=GameMaker_Language%2FGML_Reference%2FMovement_And_Collisions%2FMovement%2Fmove_random.htm"
"move_random.htm+html.head.title:59-3","move_random","","URL_EN : https://manual.yoyogames.com/index.htm#t=GameMaker_Language%2FGML_Reference%2FMovement_And_Collisions%2FMovement%2Fmove_random.htm \n\nURL_JP : https://kuroko137.github.io/gms_manual_jp/index.htm#t=GameMaker_Language%2FGML_Reference%2FMovement_And_Collisions%2FMovement%2Fmove_random.htm"
"move_random.htm+html.body.div.div.div[title]:73-7","move_random","","URL_EN : https://manual.yoyogames.com/index.htm#t=GameMaker_Language%2FGML_Reference%2FMovement_And_Collisions%2FMovement%2Fmove_random.htm \n\nURL_JP : https://kuroko137.github.io/gms_manual_jp/index.htm#t=GameMaker_Language%2FGML_Reference%2FMovement_And_Collisions%2FMovement%2Fmove_random.htm"
"move_random.htm+html.body.div.div.div:73-7","move_random","","URL_EN : https://manual.yoyogames.com/index.htm#t=GameMaker_Language%2FGML_Reference%2FMovement_And_Collisions%2FMovement%2Fmove_random.htm \n\nURL_JP : https://kuroko137.github.io/gms_manual_jp/index.htm#t=GameMaker_Language%2FGML_Reference%2FMovement_And_Collisions%2FMovement%2Fmove_random.htm"
#CSV_COMMENT_OUT#"move_random.htm+html.body.div.div.div[title]:76-7","Click here to see this page in full context",""
#CSV_COMMENT_OUT#"move_random.htm+html.body.div.div.div:76-7","Click here to see this page in full context",""
"move_random.htm+html.body.h1:86-3","move_random","","URL_EN : https://manual.yoyogames.com/index.htm#t=GameMaker_Language%2FGML_Reference%2FMovement_And_Collisions%2FMovement%2Fmove_random.htm \n\nURL_JP : https://kuroko137.github.io/gms_manual_jp/index.htm#t=GameMaker_Language%2FGML_Reference%2FMovement_And_Collisions%2FMovement%2Fmove_random.htm"
"move_random.htm+html.body.p:87-3","With this function you can set the instance to a position anywhere in the room, but aligned to an ""invisible"" grid. So a value of 32 for the hsnap and vsnap will set the instance to a random position that is aligned to a grid of 32x32 squares. you can set these values to 1 to get a position anywhere in the room.","","URL_EN : https://manual.yoyogames.com/index.htm#t=GameMaker_Language%2FGML_Reference%2FMovement_And_Collisions%2FMovement%2Fmove_random.htm \n\nURL_JP : https://kuroko137.github.io/gms_manual_jp/index.htm#t=GameMaker_Language%2FGML_Reference%2FMovement_And_Collisions%2FMovement%2Fmove_random.htm"
"move_random.htm+html.body.p:89-3","<b>NOTE</b>: This function will snap to the same positions every time the game is run afresh due to the fact that GameMaker Studio 2 generates the same initial random seed every time to make debugging code a far easier task. To avoid this behaviour use <span style=""font-size:1px;""><a href=""../../Maths_And_Numbers/Number_Functions/randomise.htm""><tt style=""font-size: 14px"">randomise()</tt></a></span> at the start of your game. This is only true when testing and debugging the game, as the final executable package will not show this behaviour and will be random every play.","","URL_EN : https://manual.yoyogames.com/index.htm#t=GameMaker_Language%2FGML_Reference%2FMovement_And_Collisions%2FMovement%2Fmove_random.htm \n\nURL_JP : https://kuroko137.github.io/gms_manual_jp/index.htm#t=GameMaker_Language%2FGML_Reference%2FMovement_And_Collisions%2FMovement%2Fmove_random.htm"
"move_random.htm+html.body.h4:93-3","Syntax:","","URL_EN : https://manual.yoyogames.com/index.htm#t=GameMaker_Language%2FGML_Reference%2FMovement_And_Collisions%2FMovement%2Fmove_random.htm \n\nURL_JP : https://kuroko137.github.io/gms_manual_jp/index.htm#t=GameMaker_Language%2FGML_Reference%2FMovement_And_Collisions%2FMovement%2Fmove_random.htm"
"move_random.htm+html.body.p:94-3","move_random(hsnap, vsnap);","","URL_EN : https://manual.yoyogames.com/index.htm#t=GameMaker_Language%2FGML_Reference%2FMovement_And_Collisions%2FMovement%2Fmove_random.htm \n\nURL_JP : https://kuroko137.github.io/gms_manual_jp/index.htm#t=GameMaker_Language%2FGML_Reference%2FMovement_And_Collisions%2FMovement%2Fmove_random.htm"
"move_random.htm+html.body.table.tbody.tr.th:98-9","Argument","","URL_EN : https://manual.yoyogames.com/index.htm#t=GameMaker_Language%2FGML_Reference%2FMovement_And_Collisions%2FMovement%2Fmove_random.htm \n\nURL_JP : https://kuroko137.github.io/gms_manual_jp/index.htm#t=GameMaker_Language%2FGML_Reference%2FMovement_And_Collisions%2FMovement%2Fmove_random.htm"
"move_random.htm+html.body.table.tbody.tr.th:99-9","Description","","URL_EN : https://manual.yoyogames.com/index.htm#t=GameMaker_Language%2FGML_Reference%2FMovement_And_Collisions%2FMovement%2Fmove_random.htm \n\nURL_JP : https://kuroko137.github.io/gms_manual_jp/index.htm#t=GameMaker_Language%2FGML_Reference%2FMovement_And_Collisions%2FMovement%2Fmove_random.htm"
"move_random.htm+html.body.table.tbody.tr.td:102-9","hsnap","","URL_EN : https://manual.yoyogames.com/index.htm#t=GameMaker_Language%2FGML_Reference%2FMovement_And_Collisions%2FMovement%2Fmove_random.htm \n\nURL_JP : https://kuroko137.github.io/gms_manual_jp/index.htm#t=GameMaker_Language%2FGML_Reference%2FMovement_And_Collisions%2FMovement%2Fmove_random.htm"
"move_random.htm+html.body.table.tbody.tr.td:103-9","The horizontal snapping (the size in pixels between 'cells').","","URL_EN : https://manual.yoyogames.com/index.htm#t=GameMaker_Language%2FGML_Reference%2FMovement_And_Collisions%2FMovement%2Fmove_random.htm \n\nURL_JP : https://kuroko137.github.io/gms_manual_jp/index.htm#t=GameMaker_Language%2FGML_Reference%2FMovement_And_Collisions%2FMovement%2Fmove_random.htm"
"move_random.htm+html.body.table.tbody.tr.td:106-9","vsnap","","URL_EN : https://manual.yoyogames.com/index.htm#t=GameMaker_Language%2FGML_Reference%2FMovement_And_Collisions%2FMovement%2Fmove_random.htm \n\nURL_JP : https://kuroko137.github.io/gms_manual_jp/index.htm#t=GameMaker_Language%2FGML_Reference%2FMovement_And_Collisions%2FMovement%2Fmove_random.htm"
"move_random.htm+html.body.table.tbody.tr.td:107-9","The vertical snapping (the size in pixels between 'cells').","","URL_EN : https://manual.yoyogames.com/index.htm#t=GameMaker_Language%2FGML_Reference%2FMovement_And_Collisions%2FMovement%2Fmove_random.htm \n\nURL_JP : https://kuroko137.github.io/gms_manual_jp/index.htm#t=GameMaker_Language%2FGML_Reference%2FMovement_And_Collisions%2FMovement%2Fmove_random.htm"
"move_random.htm+html.body.h4:112-3","Returns:","","URL_EN : https://manual.yoyogames.com/index.htm#t=GameMaker_Language%2FGML_Reference%2FMovement_And_Collisions%2FMovement%2Fmove_random.htm \n\nURL_JP : https://kuroko137.github.io/gms_manual_jp/index.htm#t=GameMaker_Language%2FGML_Reference%2FMovement_And_Collisions%2FMovement%2Fmove_random.htm"
"move_random.htm+html.body.p:113-3","N/A","","URL_EN : https://manual.yoyogames.com/index.htm#t=GameMaker_Language%2FGML_Reference%2FMovement_And_Collisions%2FMovement%2Fmove_random.htm \n\nURL_JP : https://kuroko137.github.io/gms_manual_jp/index.htm#t=GameMaker_Language%2FGML_Reference%2FMovement_And_Collisions%2FMovement%2Fmove_random.htm"
"move_random.htm+html.body.h4:115-3","Example:","","URL_EN : https://manual.yoyogames.com/index.htm#t=GameMaker_Language%2FGML_Reference%2FMovement_And_Collisions%2FMovement%2Fmove_random.htm \n\nURL_JP : https://kuroko137.github.io/gms_manual_jp/index.htm#t=GameMaker_Language%2FGML_Reference%2FMovement_And_Collisions%2FMovement%2Fmove_random.htm"
"move_random.htm+html.body.p:116-3","{ANY_CODE} if keyboard_check(vk_space)<br /> {nbsp_x1} {nbsp_x1} {<br /> {nbsp_x1} {nbsp_x1} move_random(1,1);<br /> {nbsp_x1} {nbsp_x1} }","","URL_EN : https://manual.yoyogames.com/index.htm#t=GameMaker_Language%2FGML_Reference%2FMovement_And_Collisions%2FMovement%2Fmove_random.htm \n\nURL_JP : https://kuroko137.github.io/gms_manual_jp/index.htm#t=GameMaker_Language%2FGML_Reference%2FMovement_And_Collisions%2FMovement%2Fmove_random.htm"
"move_random.htm+html.body.p:117-3","This will move the instance to a random position anywhere in the room when the space key is pressed.","","URL_EN : https://manual.yoyogames.com/index.htm#t=GameMaker_Language%2FGML_Reference%2FMovement_And_Collisions%2FMovement%2Fmove_random.htm \n\nURL_JP : https://kuroko137.github.io/gms_manual_jp/index.htm#t=GameMaker_Language%2FGML_Reference%2FMovement_And_Collisions%2FMovement%2Fmove_random.htm"
"move_random.htm+html.body.div.div.div.div:124-9","Back: <a href=""Movement.htm"">Movement</a>","","URL_EN : https://manual.yoyogames.com/index.htm#t=GameMaker_Language%2FGML_Reference%2FMovement_And_Collisions%2FMovement%2Fmove_random.htm \n\nURL_JP : https://kuroko137.github.io/gms_manual_jp/index.htm#t=GameMaker_Language%2FGML_Reference%2FMovement_And_Collisions%2FMovement%2Fmove_random.htm"
"move_random.htm+html.body.div.div.div.div:125-9","Next: <a href=""move_snap.htm"">move_snap</a>","","URL_EN : https://manual.yoyogames.com/index.htm#t=GameMaker_Language%2FGML_Reference%2FMovement_And_Collisions%2FMovement%2Fmove_random.htm \n\nURL_JP : https://kuroko137.github.io/gms_manual_jp/index.htm#t=GameMaker_Language%2FGML_Reference%2FMovement_And_Collisions%2FMovement%2Fmove_random.htm"
#CSV_COMMENT_OUT#"move_random.htm+html.body.div.h5:128-5","© Copyright YoYo Games Ltd. 2020 All Rights Reserved",""
"move_random.htm+html.body.p:137-1","{SEARCH_RESULT} This page outlines the function move_random","","URL_EN : https://manual.yoyogames.com/index.htm#t=GameMaker_Language%2FGML_Reference%2FMovement_And_Collisions%2FMovement%2Fmove_random.htm \n\nURL_JP : https://kuroko137.github.io/gms_manual_jp/index.htm#t=GameMaker_Language%2FGML_Reference%2FMovement_And_Collisions%2FMovement%2Fmove_random.htm"
